iter	Logloss
0	0.6923923468
1	0.6920922829
2	0.6918438035
3	0.6916520736
4	0.6914463065
