iter	Logloss
0	0.6930343671
1	0.6930019608
