iter	Logloss
0	0.6928616783
1	0.6928051049
2	0.6927949384
3	0.6927882715
4	0.6927869058
