iter	Logloss
0	0.6928547946
1	0.6926937032
