iter	Logloss
0	0.6923850421
1	0.692095207
2	0.6918793398
3	0.6916630929
4	0.6913306295
5	0.6911087616
6	0.6909404875
7	0.690685394
8	0.6904437007
9	0.6903024607
