iter	Logloss
0	0.6924796575
1	0.6921608115
2	0.6919523669
3	0.691591658
4	0.6913490418
